{"epsilon": 2.943896770477295, "beta": 0.04290129989385605, "num_leapfrog_steps": 25}