{"epsilon": 2.588103771209717, "beta": 0.043810710310935974, "num_leapfrog_steps": 25}
