{"epsilon": 0.0010000000474974513, "beta": 0.009999999776482582, "num_leapfrog_steps": 1}