{"epsilon": 1.0098872184753418, "beta": 0.9999998807907104, "num_leapfrog_steps": 2}