{"epsilon": 1.4581446647644043, "beta": 0.009999999776482582, "num_leapfrog_steps": 25}