{"epsilon": 0.006323690060526133, "beta": 0.009999999776482582, "num_leapfrog_steps": 1}