{"epsilon": 1.2333866357803345, "beta": 0.009999999776482582, "num_leapfrog_steps": 2}