{"epsilon": 1.3079396486282349, "beta": 0.009999999776482582, "num_leapfrog_steps": 1}