{"num_look_ahead_steps": 10, "epsilon": 1.124549388885498, "beta": 0.9999998807907104, "num_leapfrog_steps": 1}