{"epsilon": 1.012376308441162, "beta": 0.44010522961616516, "num_leapfrog_steps": 1}