{"epsilon": 0.304729700088501, "beta": 0.009999999776482582, "num_leapfrog_steps": 1}