{"epsilon": 0.007161240093410015, "beta": 0.009999999776482582, "num_leapfrog_steps": 1}