{"epsilon": 0.7998563647270203, "beta": 0.009999999776482582, "num_leapfrog_steps": 1}