{"epsilon": 0.5916862487792969, "beta": 0.42995592951774597, "num_leapfrog_steps": 25}