{"epsilon": 0.605414, "beta": 0.398502, "num_leapfrog_steps": 25}
