{"epsilon": 8.079446792602539, "beta": 0.9960693717002869, "num_leapfrog_steps": 3}
