{"epsilon": 0.6687788963317871, "beta": 0.5385961532592773, "num_leapfrog_steps": 22}
