{"epsilon": 0.8505918979644775, "beta": 0.01132935006171465, "num_leapfrog_steps": 25}