{"epsilon": 0.032253168523311615, "beta": 0.009999999776482582, "num_leapfrog_steps": 1}