{"epsilon": 1.0369356870651245, "beta": 0.9999998807907104, "num_leapfrog_steps": 1}