{"epsilon": 0.020130349323153496, "beta": 0.010887430049479008, "num_leapfrog_steps": 1}