{"epsilon": 0.4827975928783417, "beta": 0.10154356807470322, "num_leapfrog_steps": 10}